<?xml version="1.0" encoding="UTF-8"?>
<project-private xmlns="http://www.netbeans.org/ns/project-private/1">
    <editor-bookmarks xmlns="http://www.netbeans.org/ns/editor-bookmarks/2" lastBookmarkId="0"/>
    <open-files xmlns="http://www.netbeans.org/ns/projectui-open-files/2">
        <group>
            <file>file:/C:/Users/Arthur%20Cavalcante/Documents/NetBeansProjects/ControleDeVacinas/src/controledevacinas/Telefone.java</file>
            <file>file:/C:/Users/Arthur%20Cavalcante/Documents/NetBeansProjects/ControleDeVacinas/src/controledevacinas/ProfissionalDaSaude.java</file>
            <file>file:/C:/Users/Arthur%20Cavalcante/Documents/NetBeansProjects/ControleDeVacinas/src/controledevacinas/newpackage/Principal.java</file>
            <file>file:/C:/Users/Arthur%20Cavalcante/Documents/NetBeansProjects/ControleDeVacinas/src/controledevacinas/Paciente.java</file>
            <file>file:/C:/Users/Arthur%20Cavalcante/Documents/NetBeansProjects/ControleDeVacinas/src/controledevacinas/Pessoa.java</file>
            <file>file:/C:/Users/Arthur%20Cavalcante/Documents/NetBeansProjects/ControleDeVacinas/src/controledevacinas/Endereco.java</file>
        </group>
    </open-files>
</project-private>
